{"loss": [1.3997535705566406, 0.46390897035598755, 0.2733055651187897, 0.189991757273674, 0.14101138710975647, 0.1072343960404396, 0.08532888442277908, 0.07507921755313873, 0.06199238821864128, 0.0559462308883667], "accuracy": [0.5869549512863159, 0.852990984916687, 0.9121416807174683, 0.9383028745651245, 0.9529838562011719, 0.9646062850952148, 0.9722313284873962, 0.9753609895706177, 0.9795006513595581, 0.9823031425476074], "val_loss": [0.5344670414924622, 0.3311396837234497, 0.24899262189865112, 0.19633901119232178, 0.1706533581018448, 0.15833786129951477, 0.20041772723197937, 0.14366313815116882, 0.1300714910030365, 0.1318846195936203], "val_accuracy": [0.8320054411888123, 0.8958001136779785, 0.9220350384712219, 0.9388800263404846, 0.9492943286895752, 0.9529933929443359, 0.9391645789146423, 0.9591395258903503, 0.9604484438896179, 0.9631231427192688]}